{
  "modules": {
    "Window": {
      "name": "Window",
      "width": 1280,
      "height": 1024
    },
    "Camera": {
      "name": "Camera3D",
      "Position": {
        "x": 53.968284606933594,
        "y": 24.628458023071289,
        "z": -0.063383795320987701
      },
      "Direction": {
        "X": {
          "x": -0.0011741581838577986,
          "y": 0,
          "z": -0.99999934434890747
        },
        "Y": {
          "x": -0.4151628315448761,
          "y": 0.90974533557891846,
          "z": 0.00048756960313767195
        },
        "Z": {
          "x": 0.90974634885787964,
          "y": 0.4151633083820343,
          "z": -0.0010684642475098372
        }
      },
      "Reference": {
        "x": 0,
        "y": 0,
        "z": 0
      }
    },
    "Scene": { "name": "Scene" },
    "UI": { "name": "User_Interface" },
    "Audio": { "name": "Audio" }
  },
  "gameObjects": "Camera 2",
  "GameObject 2 Position": {
    "x": 0,
    "y": 0,
    "z": 0
  },
  "object": {
    "Scale": {
      "x": 1,
      "y": 1,
      "z": 1
    }
  },
  "baker_house0 Position": {
    "x": 0,
    "y": 0,
    "z": 0
  },
  "baker_house1 Position": {
    "x": 0,
    "y": 0,
    "z": 0
  },
  "Camera 1 Position": {
    "x": 0,
    "y": 7.0999999046325684,
    "z": -16.200000762939453
  },
  "Camera 2 Position": {
    "x": 0,
    "y": 6.3000001907348633,
    "z": 24.649999618530273
  }

}