{"modules":{"Window":{"name":"Window","width":1280,"height":1024},"Camera":{"name":"Camera3D","Position":{"x":1,"y":1,"z":5},"Direction":{"X":{"x":0.98058068752288818,"y":0,"z":-0.1961161345243454},"Y":{"x":-0.03774256631731987,"y":0.98130679130554199,"z":-0.18871285021305084},"Z":{"x":0.19245009124279022,"y":0.19245009124279022,"z":0.9622504711151123}}},"Scene":{"name":"Scene"},"UI":{"name":"User_Interface"},"Audio":{"name":"Audio"}}}