{"modules":{"Window":{"name":"Window","width":1280,"height":1024},"Camera":{"name":"Camera3D","Position":{"x":10,"y":10,"z":10},"Reference":{"x":0,"y":0,"z":0},"Direction":{"X":{"x":0.70710676908493042,"y":0,"z":-0.70710676908493042},"Y":{"x":-0.40824827551841736,"y":0.81649655103683472,"z":-0.40824827551841736},"Z":{"x":0.57735025882720947,"y":0.57735025882720947,"z":0.57735025882720947}}},"Audio":{"name":"Audio"},"Scene":{"name":"Scene"},"UI":{"name":"User_Interface"}},"[scene 1]":{"count":0}}